,names,price,time_ago,address,time_scraped,area_name
0,Shell,134.9,1 day ago,"703 42nd Ave SECalgary, AB",2018-09-09 18:03:51.421614,calgary
1,Husky,129.9,1 hour ago,"4201 Macleod Tr SCalgary, AB",2018-09-09 18:03:51.421614,calgary
2,Esso,134.9,4 hours ago,"1201 1st St SECalgary, AB",2018-09-09 18:03:51.421614,calgary
3,7-Eleven,134.6,1 hour ago,"4001 Macleod Tr SCalgary, AB",2018-09-09 18:03:51.421614,calgary
4,Petro-Canada,130.9,1 day ago,"1840 9th Ave SECalgary, AB",2018-09-09 18:03:51.421614,calgary
5,Petro-Canada,137.9,1 day ago,"1920 4th St SWCalgary, AB",2018-09-09 18:03:51.421614,calgary
6,Gas Plus,129.9,4 hours ago,"204 11th Ave SECalgary, AB",2018-09-09 18:03:51.421614,calgary
7,Shell,134.9,1 hour ago,"539 17th Ave SWCalgary, AB",2018-09-09 18:03:51.421614,calgary
8,Centex,130.9,23 hours ago,"808 19th St SECalgary, AB",2018-09-09 18:03:51.421614,calgary
9,Husky,129.9,1 hour ago,"5316 Macleod Tr SCalgary, AB",2018-09-09 18:03:51.421614,calgary
10,Husky,129.9,1 hour ago,"5316 Macleod Tr SCalgary, AB",2018-09-09 18:03:51.421614,calgary
11,Husky,124.9,3 hours ago,"510 58th Ave SECalgary, AB",2018-09-09 18:03:51.421614,calgary
12,Petro-Canada,124.9,2 hours ago,"336 58th Ave SECalgary, AB",2018-09-09 18:03:51.421614,calgary
13,Petro-Canada,134.9,25 minutes ago,"630 1st Ave NECalgary, AB",2018-09-09 18:03:51.421614,calgary
14,Shell,134.9,1 hour ago,"5919 Macleod Tr SCalgary, AB",2018-09-09 18:03:51.421614,calgary
15,Esso,134.9,5 hours ago,"2619 14th St  SWCalgary, AB",2018-09-09 18:03:51.421614,calgary
16,Centex,134.9,25 minutes ago,"12 4th St NECalgary, AB",2018-09-09 18:03:51.421614,calgary
17,Shell,134.9,1 hour ago,"1304 14th St SWCalgary, AB",2018-09-09 18:03:51.421614,calgary
18,Gas Plus,131.9,5 hours ago,"4004 26th St SECalgary, AB",2018-09-09 18:03:51.421614,calgary
19,Husky,134.9,1 hour ago,"1205 14th St SWCalgary, AB",2018-09-09 18:03:51.421614,calgary
20,Costco,121.9,31 minutes ago,"99 Heritage Gate SECalgary, AB",2018-09-09 18:03:51.421614,calgary
21,Husky,134.9,1 hour ago,"1205 14th St SWCalgary, AB",2018-09-09 18:03:51.421614,calgary
22,Shell,134.9,14 hours ago,"7014 Fairmount Dr SECalgary, AB",2018-09-09 18:03:51.421614,calgary
23,Petro-Canada,127.9,5 hours ago,"2515 50th Ave SECalgary, AB",2018-09-09 18:03:51.421614,calgary
24,Esso,134.9,23 hours ago,"6815 Macleod Tr SWCalgary, AB",2018-09-09 18:03:51.421614,calgary
25,Fair Deal Tire,128.9,1 day ago,"2740 17th Ave SECalgary, AB",2018-09-09 18:03:51.421614,calgary
26,Co-op,132.9,13 minutes ago,"6905 Macleod Tr SWCalgary, AB",2018-09-09 18:03:51.421614,calgary
27,Smart Mart & Gas,131.9,1 day ago,"3101 34th Ave SECalgary, AB",2018-09-09 18:03:51.421614,calgary
28,Esso,132.9,18 hours ago,"2825 17th Ave SECalgary, AB",2018-09-09 18:03:51.421614,calgary
29,Co-op,134.9,1 hour ago,"6 Heritage Gate SECalgary, AB",2018-09-09 18:03:51.421614,calgary
30,Esso,132.9,18 hours ago,"2825 17th Ave SECalgary, AB",2018-09-09 18:03:51.421614,calgary
31,Shell,134.9,56 minutes ago,"505 10th St  NWCalgary, AB",2018-09-09 18:03:51.421614,calgary
32,7-Eleven,134.9,18 hours ago,"7102 Elbow Dr SWCalgary, AB",2018-09-09 18:03:51.421614,calgary
33,Mobil @ Superstore,134.9,5 hours ago,"100-20 Heritage Meadows Way SECalgary, AB",2018-09-09 18:03:51.421614,calgary
34,Petro-Canada,134.9,1 hour ago,"624 16th Ave NECalgary, AB",2018-09-09 18:03:51.421614,calgary
35,Petro-Canada,134.9,1 day ago,"2235 33rd Ave SWCalgary, AB",2018-09-09 18:03:51.421614,calgary
36,Petro-Canada,134.9,11 hours ago,"7603 Macleod Tr SWCalgary, AB",2018-09-09 18:03:51.421614,calgary
37,Petro-Canada,134.9,17 hours ago,"839 19th St NECalgary, AB",2018-09-09 18:03:51.421614,calgary
38,Co-op,130.9,1 hour ago,"3330 17th Ave SECalgary, AB",2018-09-09 18:03:51.421614,calgary
39,7-Eleven,134.6,1 hour ago,"311 16th Ave NECalgary, AB",2018-09-09 18:03:51.421614,calgary
40,Co-op,134.9,1 hour ago,"540 16th Ave NECalgary, AB",2018-09-09 18:03:51.421614,calgary
41,Esso,134.9,1 hour ago,"256 16th Ave NECalgary, AB",2018-09-09 18:03:51.421614,calgary
42,Centex,130.9,19 hours ago,"3110 36th St SECalgary, AB",2018-09-09 18:03:51.421614,calgary
43,Esso,134.9,1 day ago,"2404  68th Ave SECalgary, AB",2018-09-09 18:03:51.421614,calgary
44,Husky,130.9,1 hour ago,"3819 17th Ave SECalgary, AB",2018-09-09 18:03:51.421614,calgary
45,Gas Plus,130.9,2 hours ago,"6813 Ogden Rd SECalgary, AB",2018-09-09 18:03:51.421614,calgary
46,Petro-Canada,130.9,2 minutes ago,"15 Erin Woods Blvd SECalgary, AB",2018-09-09 18:03:51.421614,calgary
47,Husky,134.9,16 minutes ago,"2504 7th Ave NECalgary, AB",2018-09-09 18:03:51.421614,calgary
48,Shell,134.9,15 hours ago,"8251 Fairmount Dr SECalgary, AB",2018-09-09 18:03:51.421614,calgary
49,Centex,132.9,57 minutes ago,"2201 Kensington Rd NWCalgary, AB",2018-09-09 18:03:51.421614,calgary
50,G&B Fuels,129.9,1 hour ago,"2623 17th Ave SWCalgary, AB",2018-09-09 18:03:51.421614,calgary
51,Shell,134.9,1 hour ago,"2020 16th Ave NECalgary, AB",2018-09-09 18:03:51.421614,calgary
52,Centex,134.9,3 hours ago,"2323 Centre St N Calgary, AB",2018-09-09 18:03:51.421614,calgary
53,Shell,134.9,4 minutes ago,"8247 Elbow Dr SWCalgary, AB",2018-09-09 18:03:51.421614,calgary
54,Co-op,134.9,1 hour ago,"2807 17th  SWCalgary, AB",2018-09-09 18:03:51.421614,calgary
55,Fas Gas,134.9,1 day ago,"7404 Ogden Rd SECalgary, AB",2018-09-09 18:03:51.421614,calgary
56,Centex,134.9,1 day ago,"3716 61st Ave SECalgary, AB",2018-09-09 18:03:51.421614,calgary
57,Petro-Canada,134.9,2 hours ago,"120 36th St SECalgary, AB",2018-09-09 18:03:51.421614,calgary
58,Co-op,134.9,1 hour ago,"8818 MacLeod Tr SCalgary, AB",2018-09-09 18:03:51.421614,calgary
59,Centex,132.9,1 hour ago,"1740 16th Ave NWCalgary, AB",2018-09-09 18:03:51.421614,calgary
60,Petro-Canada,134.9,6 minutes ago,"432  8338 18th St SECalgary, AB",2018-09-09 18:03:51.421614,calgary
61,Esso,132.9,56 minutes ago,"614 Crowchild Tr NWCalgary, AB",2018-09-09 18:03:51.421614,calgary
62,Canadian Tire,134.9,16 hours ago,"3516 8th Ave NECalgary, AB",2018-09-09 18:03:51.421614,calgary
63,Gas Plus,130.9,19 minutes ago,"2364 20th Ave NECalgary, AB",2018-09-09 18:03:51.421614,calgary
64,Shell,134.9,6 minutes ago,"50 Riverglen Dr SECalgary, AB",2018-09-09 18:03:51.421614,calgary
65,Centex,132.9,17 hours ago,"3111 Edmonton Tr NECalgary, AB",2018-09-09 18:03:51.421614,calgary
66,Husky,134.9,1 day ago,"3503 26th Ave SWCalgary, AB",2018-09-09 18:03:51.421614,calgary
67,Can Pro Gas & Propane,130.9,2 hours ago,"2464 23rd Ave NECalgary, AB",2018-09-09 18:03:51.421614,calgary
68,Gas Plus,134.9,1 day ago,"3540 52nd St SECalgary, AB",2018-09-09 18:03:51.421614,calgary
69,Shell,134.9,20 hours ago,"1595 32nd Ave NECalgary, AB",2018-09-09 18:03:51.421614,calgary
70,Gas Plus,134.9,1 day ago,"440 Erin Woods Dr SECalgary, AB",2018-09-09 18:03:51.421614,calgary
71,Esso,134.9,33 minutes ago,"3508 37th St  SWCalgary, AB",2018-09-09 18:03:51.421614,calgary
72,Husky,134.9,1 hour ago,"3716 Richmond RdCalgary, AB",2018-09-09 18:03:51.421614,calgary
73,Petro-Canada,129.9,36 minutes ago,"9288 Macleod Tr SCalgary, AB",2018-09-09 18:03:51.421614,calgary
74,7-Eleven,130.4,21 hours ago,"3963 52nd St SECalgary, AB",2018-09-09 18:03:51.421614,calgary
75,Esso,134.9,11 hours ago,"3803 17th Ave SWCalgary, AB",2018-09-09 18:03:51.421614,calgary
76,Domo,130.9,1 day ago,"5113 17th Ave SECalgary, AB",2018-09-09 18:03:51.421614,calgary
77,Shell,134.9,34 minutes ago,"3805 Richmond Rd SWCalgary, AB",2018-09-09 18:03:51.421614,calgary
78,Shell,134.9,36 minutes ago,"9420 Macleod Tr SCalgary, AB",2018-09-09 18:03:51.421614,calgary
79,Centex,127.9,1 hour ago,"2105 52nd St SECalgary, AB",2018-09-09 18:03:51.421614,calgary
80,Shell,134.9,5 minutes ago,"4216 72nd Ave SECalgary, AB",2018-09-09 18:03:51.421614,calgary
81,Domo,130.9,1 day ago,"5113 17th Ave SECalgary, AB",2018-09-09 18:03:51.421614,calgary
82,Petro-Canada,134.9,1 hour ago,"4646 37th St SWCalgary, AB",2018-09-09 18:03:51.421614,calgary
83,Safeway,132.9,20 hours ago,"1600 90th Ave SWCalgary, AB",2018-09-09 18:03:51.421614,calgary
84,Centex,134.9,2 hours ago,"3001 19th St NECalgary, AB",2018-09-09 18:03:51.421614,calgary
85,Centex,129.9,1 hour ago,"9704 Elbow Dr SWCalgary, AB",2018-09-09 18:03:51.421614,calgary
86,Shell,134.9,11 hours ago,"3808 Bow Tr SWCalgary, AB",2018-09-09 18:03:51.421614,calgary
87,7-Eleven,130.9,1 hour ago,"5320 8th Ave SECalgary, AB",2018-09-09 18:03:51.421614,calgary
88,Husky,130.9,1 day ago,"5505 17th Ave SECalgary, AB",2018-09-09 18:03:51.421614,calgary
89,Canadian Tire,132.9,36 minutes ago,"9940 Macleod Tr SECalgary, AB",2018-09-09 18:03:51.421614,calgary
90,Trio Gas & Wash,130.9,13 hours ago,"5510 Hubalta Rd SECalgary, AB",2018-09-09 18:03:51.421614,calgary
91,7-Eleven,130.9,1 hour ago,"5320 8th Ave SECalgary, AB",2018-09-09 18:03:51.421614,calgary
92,Husky,134.9,11 hours ago,"3824 Bow Tr SWCalgary, AB",2018-09-09 18:03:51.421614,calgary
93,Petro-Canada,134.9,36 minutes ago,"9900 Fairmont Dr SECalgary, AB",2018-09-09 18:03:51.421614,calgary
94,Canadian Tire,132.9,36 minutes ago,"9940 Macleod Tr SECalgary, AB",2018-09-09 18:03:51.421614,calgary
95,Fill N' Go,134.9,17 hours ago,"4002 Edmonton Tr NECalgary, AB",2018-09-09 18:03:51.421614,calgary
96,Husky,134.9,2 hours ago,"2525 32nd Ave NECalgary, AB",2018-09-09 18:03:51.421614,calgary
97,Domo,132.9,5 minutes ago,"791 Northmount Dr NWCalgary, AB",2018-09-09 18:03:51.421614,calgary
98,Sunrise Gas,130.9,2 hours ago,"2748 32nd St NECalgary, AB",2018-09-09 18:03:51.421614,calgary
99,Petro-Canada,119.9,59 minutes ago,"10120 Elbow Dr SWCalgary, AB",2018-09-09 18:03:51.421614,calgary
100,Petro-Canada,134.9,1 hour ago,"2655 36th St NECalgary, AB",2018-09-09 18:03:51.421614,calgary
101,Mobil @ Superstore,132.9,36 minutes ago,"10505 Southport Rd SWCalgary, AB",2018-09-09 18:03:51.421614,calgary
102,Co-op,134.9,35 minutes ago,"4940 Richmond Rd SWCalgary, AB",2018-09-09 18:03:51.421614,calgary
103,Husky,124.9,59 minutes ago,"10241 Elbow Dr SWCalgary, AB",2018-09-09 18:03:51.421614,calgary
104,Esso,134.9,12 hours ago,"1440 52nd St NECalgary, AB",2018-09-09 18:03:51.421614,calgary
105,Petro-Canada,,2 hours ago,"9405 24th St SWCalgary, AB",2018-09-09 18:03:51.421614,calgary
106,Petro-Canada,132.9,19 hours ago,"1704 61st St SECalgary, AB",2018-09-09 18:03:51.421614,calgary
107,Fas Gas,134.9,35 minutes ago,"4808 12th St NECalgary, AB",2018-09-09 18:03:51.421614,calgary
108,Canadian Tire,134.9,1 hour ago,"5196 Richmond Rd SWCalgary, AB",2018-09-09 18:03:51.421614,calgary
109,Safeway,134.9,35 minutes ago,"3550 32nd Ave NECalgary, AB",2018-09-09 18:03:51.421614,calgary
110,Canadian Tire,134.9,11 hours ago,"5196 Richmond Rd SWCalgary, AB",2018-09-09 18:03:51.421614,calgary
111,Esso,134.9,2 days ago,"4823 Centre St NWCalgary, AB",2018-09-09 18:03:51.421614,calgary
112,Shell,134.9,11 hours ago,"10855 Bonaventure Dr SECalgary, AB",2018-09-09 18:03:51.421614,calgary
113,Petro-Canada,134.9,13 hours ago,"5004 Centre St NCalgary, AB",2018-09-09 18:03:51.421614,calgary
114,Husky,133.9,3 hours ago,"6060 Memorial Dr NECalgary, AB",2018-09-09 18:03:51.421614,calgary
115,Shell,134.9,55 minutes ago,"10305 Braeside Dr SWCalgary, AB",2018-09-09 18:03:51.421614,calgary
116,Shell,134.9,37 minutes ago,"5309 Rundlehorn Dr NECalgary, AB",2018-09-09 18:03:51.421614,calgary
117,Petro-Canada,134.9,1 hour ago,"5505 Signal Hill Centre SWCalgary, AB",2018-09-09 18:03:51.421614,calgary
118,Shell,134.9,2 hours ago,"1103â€“1199 Aviation Blvd NECalgary, AB",2018-09-09 18:03:51.421614,calgary
119,Mac's,134.9,37 minutes ago,"1264 68th St SECalgary, AB",2018-09-09 18:03:51.421614,calgary
120,Petro-Canada,134.9,37 minutes ago,"5505 Signal Hill Centre SWCalgary, AB",2018-09-09 18:03:51.421614,calgary
121,Safeway,134.9,2 hours ago,"200 Stewart Green SWCalgary, AB",2018-09-09 18:03:51.421614,calgary
122,Mac's,134.9,55 minutes ago,"1264 68th St SECalgary, AB",2018-09-09 18:03:51.421614,calgary
123,Co-op,134.9,16 minutes ago,"2520 52nd St NECalgary, AB",2018-09-09 18:03:51.421614,calgary
124,7-Eleven,134.6,59 minutes ago,"3510 39th Ave NECalgary, AB",2018-09-09 18:03:51.421614,calgary
125,Husky,124.9,3 hours ago,"11033 Elbow Dr SWCalgary, AB",2018-09-09 18:03:51.421614,calgary
126,Co-op,134.9,3 hours ago,"2580 Southland Dr SWCalgary, AB",2018-09-09 18:03:51.421614,calgary
127,Mobil @ Superstore,134.9,2 hours ago," 5858 Signal Hill Center SWCalgary, AB",2018-09-09 18:03:51.421614,calgary
128,Esso,134.9,13 hours ago,"11488 24 St SECalgary, AB",2018-09-09 18:03:51.421614,calgary
129,Esso,133.9,13 hours ago,"220 68th St NECalgary, AB",2018-09-09 18:03:51.421614,calgary
130,Shell,134.9,2 hours ago,"5623 4th St NWCalgary, AB",2018-09-09 18:03:51.421614,calgary
131,Co-op,134.9,1 hour ago,"4122 Brentwood Rd NWCalgary, AB",2018-09-09 18:03:51.421614,calgary
132,7-Eleven,134.6,2 days ago,"4444 16th Ave NWCalgary, AB",2018-09-09 18:03:51.421614,calgary
133,Esso,134.3,1 hour ago,"759 Lake Bonavista Dr SECalgary, AB",2018-09-09 18:03:51.421614,calgary
134,Co-op,134.9,15 hours ago,"4608 16th Ave NWCalgary, AB",2018-09-09 18:03:51.421614,calgary
135,Esso,134.9,4 hours ago,"3550 52nd St NECalgary, AB",2018-09-09 18:03:51.421614,calgary
136,Husky,134.9,1 hour ago,"4639 Bowness Rd NWCalgary, AB",2018-09-09 18:03:51.421614,calgary
137,Esso,134.9,1 hour ago,"4700 16th Ave NWCalgary, AB",2018-09-09 18:03:51.421614,calgary
138,Shell,134.9,7 minutes ago,"4647 16th Ave NWCalgary, AB",2018-09-09 18:03:51.421614,calgary
139,Petro-Canada,134.9,11 hours ago,"101 2220 68th St NECalgary, AB",2018-09-09 18:03:51.421614,calgary
140,Shell,134.9,1 day ago,"6450 Centre St NCalgary, AB",2018-09-09 18:03:51.421614,calgary
141,Petro-Canada,134.9,11 hours ago,"520 64th Ave NECalgary, AB",2018-09-09 18:03:51.421614,calgary
142,Canadian Tire,134.6,12 hours ago,"596 64th Ave NECalgary, AB",2018-09-09 18:03:51.421614,calgary
143,Esso,134.9,16 hours ago,"2315 68th St NECalgary, AB",2018-09-09 18:03:51.421614,calgary
144,Centex,132.9,3 hours ago,"11211 Oakfield Dr SWCalgary, AB",2018-09-09 18:03:51.421614,calgary
145,Esso,134.6,42 minutes ago,"904 64th Ave NWCalgary, AB",2018-09-09 18:03:51.421614,calgary
146,Costco,121.9,8 minutes ago,"75 E Hills Blvd SECalgary, AB",2018-09-09 18:03:51.421614,calgary
147,Husky,129.9,1 hour ago,"6833 26th Ave NECalgary, AB",2018-09-09 18:03:51.421614,calgary
148,Centex,131.9,4 minutes ago,"20 Douglaswoods Dr SECalgary, AB",2018-09-09 18:03:51.421614,calgary
149,Flying J,134.9,43 minutes ago,"11511 40 St SECalgary, AB",2018-09-09 18:03:51.421614,calgary
150,Husky,125.9,4 minutes ago,"5225 106th Ave SECalgary, AB",2018-09-09 18:03:51.421614,calgary
151,Flying J,134.9,21 hours ago,"11511 40 St SECalgary, AB",2018-09-09 18:03:51.421614,calgary
152,Petro-Canada,134.9,57 minutes ago,"1010 Strathcona Dr SWCalgary, AB",2018-09-09 18:03:51.421614,calgary
153,Husky,119.9,1 hour ago,"1071 Canyon Meadows Dr SWCalgary, AB",2018-09-09 18:03:51.421614,calgary
154,Husky,129.9,3 hours ago,"11808 24th St SWCalgary, AB",2018-09-09 18:03:51.421614,calgary
155,7-Eleven,134.6,1 day ago,"6820 4th St NWCalgary, AB",2018-09-09 18:03:51.421614,calgary
156,Shell,134.9,1 hour ago,"6400 Old Banff Coach Rd SWCalgary, AB",2018-09-09 18:03:51.421614,calgary
157,Centex,132.9,,"5108 Bowness Rd NWCalgary, AB",2018-09-09 18:03:51.421614,calgary
0,Husky,133.9,15 hours ago,"11603 Jasper Ave Edmonton, AB",2018-09-09 18:05:36.515511,edmonton
1,Shell,132.9,31 minutes ago,"11230 107th AveEdmonton, AB",2018-09-09 18:05:36.515511,edmonton
2,Esso,132.9,37 minutes ago,"10863 82nd AveEdmonton - University Area, AB",2018-09-09 18:05:36.515511,edmonton
3,Petro-Canada,132.9,31 minutes ago,"11528 107th AveEdmonton, AB",2018-09-09 18:05:36.515511,edmonton
4,Petro-Canada,132.9,12 hours ago,"9936 109th St Edmonton, AB",2018-09-09 18:05:36.515511,edmonton
5,Safeway,132.9,16 hours ago,"11410 104th AveEdmonton, AB",2018-09-09 18:05:36.515511,edmonton
6,Husky,132.9,18 hours ago,"10608 107th AveEdmonton, AB",2018-09-09 18:05:36.515511,edmonton
7,Esso,132.9,16 hours ago,"12415 102nd AveEdmonton, AB",2018-09-09 18:05:36.515511,edmonton
8,Shell,132.9,7 hours ago,"12206 Stony Plain RdEdmonton, AB",2018-09-09 18:05:36.515511,edmonton
9,Hughes,132.9,31 minutes ago,"11606 107th AveEdmonton, AB",2018-09-09 18:05:36.515511,edmonton
10,Shell,132.9,7 hours ago,"12206 Stony Plain RdEdmonton, AB",2018-09-09 18:05:36.515511,edmonton
11,7-Eleven,132.9,2 hours ago,"7612 104th StOld Strathcona, AB",2018-09-09 18:05:36.515511,edmonton
12,Hughes,132.9,31 minutes ago,"11606 107th AveEdmonton, AB",2018-09-09 18:05:36.515511,edmonton
13,Esso,132.9,7 hours ago,"10110 Kingsway AveEdmonton, AB",2018-09-09 18:05:36.515511,edmonton
14,Esso,132.9,12 hours ago,"10904 111th AveEdmonton, AB",2018-09-09 18:05:36.515511,edmonton
15,Husky,136.9,21 hours ago,"9208 Jasper Ave NWEdmonton, AB",2018-09-09 18:05:36.515511,edmonton
16,Hughes,132.9,7 hours ago,"11027 101st StEdmonton, AB",2018-09-09 18:05:36.515511,edmonton
17,Petro-Canada,132.9,5 hours ago,"12326 111th AveEdmonton, AB",2018-09-09 18:05:36.515511,edmonton
18,Petro-Canada,132.9,59 minutes ago,"8330 82nd AveEdmonton, AB",2018-09-09 18:05:36.515511,edmonton
19,Shell,132.9,59 minutes ago,"8545 82nd AveEdmonton, AB",2018-09-09 18:05:36.515511,edmonton
20,Centex,130.9,42 minutes ago,"10540 82nd StEdmonton, AB",2018-09-09 18:05:36.515511,edmonton
21,Petro-Canada,132.9,59 minutes ago,"8330 82nd AveEdmonton, AB",2018-09-09 18:05:36.515511,edmonton
22,Canadian Tire,132.9,12 hours ago,"11839 Kingsway AveEdmonton, AB",2018-09-09 18:05:36.515511,edmonton
23,Domo,128.8,1 hour ago,"10139 Princess Elizabeth AveEdmonton, AB",2018-09-09 18:05:36.515511,edmonton
24,Safeway,132.9,5 hours ago,"601 Groat RdEdmonton, AB",2018-09-09 18:05:36.515511,edmonton
25,Petro-Canada,132.9,1 hour ago,"6206 104th StEdmonton, AB",2018-09-09 18:05:36.515511,edmonton
26,Husky,132.9,1 hour ago,"10845 61st Ave NWEdmonton, AB",2018-09-09 18:05:36.515511,edmonton
27,Husky,132.9,14 hours ago,"11410 Groat RdEdmonton, AB",2018-09-09 18:05:36.515511,edmonton
28,Husky,132.9,3 hours ago,"10960 142nd StEdmonton, AB",2018-09-09 18:05:36.515511,edmonton
29,Esso,132.9,1 day ago,"9655 63rd AveEdmonton, AB",2018-09-09 18:05:36.515511,edmonton
30,Hughes,132.9,1 day ago,"6005 99th StEdmonton, AB",2018-09-09 18:05:36.515511,edmonton
31,Esso,132.9,1 day ago,"9655 63rd AveEdmonton, AB",2018-09-09 18:05:36.515511,edmonton
32,Shell,132.9,11 hours ago,"5830 104th StEdmonton, AB",2018-09-09 18:05:36.515511,edmonton
33,Husky,132.9,3 hours ago,"10960 142nd StEdmonton, AB",2018-09-09 18:05:36.515511,edmonton
34,Esso,132.9,18 hours ago,"9515 149th StEdmonton, AB",2018-09-09 18:05:36.515511,edmonton
35,Domo,127.9,5 hours ago,"15015 Stony Plain RdEdmonton, AB",2018-09-09 18:05:36.515511,edmonton
36,Shell,132.9,18 hours ago,"9431 149th StEdmonton, AB",2018-09-09 18:05:36.515511,edmonton
37,Shell,129.9,15 hours ago,"5610 111th StEdmonton, AB",2018-09-09 18:05:36.515511,edmonton
38,Domo,127.9,11 hours ago,"8716 149th StEdmonton, AB",2018-09-09 18:05:36.515511,edmonton
39,Domo,132.9,1 day ago,"5373 Gateway Blvd NWEdmonton, AB",2018-09-09 18:05:36.515511,edmonton
40,Domo,132.9,12 hours ago,"11902 St Albert TrEdmonton, AB",2018-09-09 18:05:36.515511,edmonton
41,Domo,127.9,11 hours ago,"8716 149th StEdmonton, AB",2018-09-09 18:05:36.515511,edmonton
42,Domo,132.9,1 day ago,"5373 Gateway Blvd NWEdmonton, AB",2018-09-09 18:05:36.515511,edmonton
43,Hughes,132.9,7 hours ago,"12405 97th StEdmonton, AB",2018-09-09 18:05:36.515511,edmonton
44,Hughes,132.9,1 hour ago,"7110 82nd AveEdmonton, AB",2018-09-09 18:05:36.515511,edmonton
45,Shell,132.9,18 hours ago,"7535 75th StEdmonton, AB",2018-09-09 18:05:36.515511,edmonton
46,Husky,132.9,2 hours ago,"8118 120th AveEdmonton, AB",2018-09-09 18:05:36.515511,edmonton
47,Petro-Canada,132.9,45 minutes ago,"6820 90th AveEdmonton, AB",2018-09-09 18:05:36.515511,edmonton
48,Petro-Canada,132.9,15 minutes ago,"7505 Argyll RdEdmonton, AB",2018-09-09 18:05:36.515511,edmonton
49,Petro-Canada,132.9,19 hours ago,"10560 51st  AveEdmonton, AB",2018-09-09 18:05:36.515511,edmonton
50,Hughes,130.9,2 hours ago,"11832 Wayne Gretzky Dr NBEdmonton, AB",2018-09-09 18:05:36.515511,edmonton
51,Husky,130.9,11 hours ago,"6125 101st AveEdmonton, AB",2018-09-09 18:05:36.515511,edmonton
52,Superstore,132.9,1 day ago,"4821 - Calgary TrEdmonton, AB",2018-09-09 18:05:36.515511,edmonton
53,Petro-Canada,132.9,15 minutes ago,"7505 Argyll RdEdmonton, AB",2018-09-09 18:05:36.515511,edmonton
54,Mobil @ Superstore,132.9,21 hours ago,"5019 Calgary TrEdmonton, AB",2018-09-09 18:05:36.515511,edmonton
55,Safeway,132.9,2 hours ago,"5004 98th AveEdmonton, AB",2018-09-09 18:05:36.515511,edmonton
56,7-Eleven,132.6,3 hours ago,"14125 118th AveEdmonton, AB",2018-09-09 18:05:36.515511,edmonton
57,Esso,132.9,19 hours ago,"4950 Calgary TrEdmonton, AB",2018-09-09 18:05:36.515511,edmonton
58,Domo,132.9,44 minutes ago,"6102 90th Ave NWEdmonton, AB",2018-09-09 18:05:36.515511,edmonton
59,Husky,132.9,21 minutes ago,"9536 51st AveEdmonton, AB",2018-09-09 18:05:36.515511,edmonton
60,Superstore,132.9,1 day ago,"4821 - Calgary TrEdmonton, AB",2018-09-09 18:05:36.515511,edmonton
61,Esso,132.9,16 hours ago,"15710 Stony Plain RdEdmonton, AB",2018-09-09 18:05:36.515511,edmonton
62,Shell,132.9,2 hours ago,"9903 51st AveEdmonton, AB",2018-09-09 18:05:36.515511,edmonton
63,Dawson Motors,128.9,7 hours ago,"12803 97th StEdmonton, AB",2018-09-09 18:05:36.515511,edmonton
64,Husky,132.9,21 minutes ago,"9536 51st AveEdmonton, AB",2018-09-09 18:05:36.515511,edmonton
65,Petro-Canada,122.9,25 minutes ago,"5110 122nd StEdmonton, AB",2018-09-09 18:05:36.515511,edmonton
66,7-Eleven,127.9,8 hours ago,"10719 156th StEdmonton, AB",2018-09-09 18:05:36.515511,edmonton
67,7-Eleven,132.9,1 day ago,"6615 118th AveEdmonton, AB",2018-09-09 18:05:36.515511,edmonton
68,Safeway,132.9,33 minutes ago,"8720 156th StEdmonton, AB",2018-09-09 18:05:36.515511,edmonton
69,Esso,132.9,1 hour ago,"5003 101st AveEdmonton, AB",2018-09-09 18:05:36.515511,edmonton
70,Canadian Tire,132.9,1 hour ago,"9809 50th StEdmonton, AB",2018-09-09 18:05:36.515511,edmonton
71,Petro-Canada,132.9,14 hours ago,"12707 127th StEdmonton, AB",2018-09-09 18:05:36.515511,edmonton
72,Co-op,132.9,2 hours ago,"12705 82nd StEdmonton, AB",2018-09-09 18:05:36.515511,edmonton
73,Shell,132.9,1 hour ago,"4945 101st AveEdmonton, AB",2018-09-09 18:05:36.515511,edmonton
74,Esso,127.9,11 hours ago,"15606 111th AveEdmonton, AB",2018-09-09 18:05:36.515511,edmonton
75,Canadian Tire,127.9,37 minutes ago,"16125 Stony Plain RdEdmonton, AB",2018-09-09 18:05:36.515511,edmonton
76,Hughes,132.9,2 hours ago,"12535 St Albert TrEdmonton, AB",2018-09-09 18:05:36.515511,edmonton
77,Westway Propane,,14 hours ago,"5010 76th Ave NWEdmonton, AB",2018-09-09 18:05:36.515511,edmonton
78,Domo,132.9,18 minutes ago,"12920 127th StEdmonton, AB",2018-09-09 18:05:36.515511,edmonton
79,Hughes,132.9,54 minutes ago,"8004 Roper RdEdmonton, AB",2018-09-09 18:05:36.515511,edmonton
80,Petro-Canada,132.4,2 hours ago,"13205 97th StEdmonton, AB",2018-09-09 18:05:36.515511,edmonton
81,Hughes,130.9,1 day ago,"12504 Fort RdEdmonton, AB",2018-09-09 18:05:36.515511,edmonton
82,Husky,132.9,1 day ago,"7507 50th StEdmonton, AB",2018-09-09 18:05:36.515511,edmonton
83,Fas Gas,131.9,54 minutes ago,"15411 118th AveEdmonton, AB",2018-09-09 18:05:36.515511,edmonton
84,Esso,132.4,1 day ago,"13410 97th StEdmonton, AB",2018-09-09 18:05:36.515511,edmonton
85,Hughes,,34 minutes ago,"16010 112th AveEdmonton, AB",2018-09-09 18:05:36.515511,edmonton
86,Petro-Canada,,3 minutes ago,"15630 118th AveEdmonton, AB",2018-09-09 18:05:36.515511,edmonton
87,Husky,132.9,2 hours ago,"16002 114th AveEdmonton, AB",2018-09-09 18:05:36.515511,edmonton
88,Esso,132.9,54 minutes ago,"16438 87th AveEdmonton, AB",2018-09-09 18:05:36.515511,edmonton
89,Shell,132.9,14 hours ago,"13215 127th St NWEdmonton, AB",2018-09-09 18:05:36.515511,edmonton
90,7-Eleven,130.9,10 hours ago,"13203 82nd StEdmonton, AB",2018-09-09 18:05:36.515511,edmonton
91,Costco,117.9,2 hours ago,"12450 149th St NWEdmonton, AB",2018-09-09 18:05:36.515511,edmonton
92,Husky,132.9,1 hour ago,"14950 Yellowhead TrEdmonton, AB",2018-09-09 18:05:36.515511,edmonton
93,Shell,129.9,56 minutes ago,"10231 170th StEdmonton, AB",2018-09-09 18:05:36.515511,edmonton
94,Shell,132.9,20 minutes ago,"6124 50th St NWEdmonton, AB",2018-09-09 18:05:36.515511,edmonton
95,Mobil @ Superstore,127.9,18 hours ago,"10020 171st StEdmonton, AB",2018-09-09 18:05:36.515511,edmonton
96,Safeway,132.9,1 day ago,"9499 137th AveEdmonton, AB",2018-09-09 18:05:36.515511,edmonton
97,Esso,127.9,1 day ago,"4310 66th StMill Woods, AB",2018-09-09 18:05:36.515511,edmonton
98,Centex,130.9,13 hours ago,"17046 90th AveEdmonton, AB",2018-09-09 18:05:36.515511,edmonton
99,Mobil @ Superstore,132.9,4 hours ago,"12350 137th AveEdmonton, AB",2018-09-09 18:05:36.515511,edmonton
100,Mobil @ Superstore,132.9,2 hours ago,"12350 137th AveEdmonton, AB",2018-09-09 18:05:36.515511,edmonton
101,Husky,132.9,19 hours ago,"17260 95th AveEdmonton, AB",2018-09-09 18:05:36.515511,edmonton
102,Esso,132.9,18 hours ago,"3615 Calgary TrEdmonton, AB",2018-09-09 18:05:36.515511,edmonton
103,Co-op,131.8,4 hours ago,"13207 St  Albert Tr NWEdmonton, AB",2018-09-09 18:05:36.515511,edmonton
104,Safeway,132.9,1 day ago,"12950 137th AveEdmonton, AB",2018-09-09 18:05:36.515511,edmonton
105,Esso,132.9,2 hours ago,"9850 34th AveEdmonton, AB",2018-09-09 18:05:36.515511,edmonton
106,Shell,132.9,15 hours ago,"10325 34th Ave NWEdmonton, AB",2018-09-09 18:05:36.515511,edmonton
107,Esso,131.9,2 hours ago,"11760 167th St NWEdmonton, AB",2018-09-09 18:05:36.515511,edmonton
108,Husky,130.9,15 hours ago,"4315 118th AveEdmonton, AB",2018-09-09 18:05:36.515511,edmonton
109,Husky,130.9,1 day ago,"13203 66th StEdmonton, AB",2018-09-09 18:05:36.515511,edmonton
110,Apollo,132.9,23 hours ago,"4020 118th Ave NWEdmonton, AB",2018-09-09 18:05:36.515511,edmonton
111,Esso,127.9,1 day ago,"17761 100th AveEdmonton, AB",2018-09-09 18:05:36.515511,edmonton
112,Propane Shack,130.9,15 hours ago,"5504 129th AveEdmonton, AB",2018-09-09 18:05:36.515511,edmonton
113,Flying J,132.9,13 hours ago,"16806 118th AveEdmonton, AB",2018-09-09 18:05:36.515511,edmonton
114,Esso,132.9,15 hours ago,"14703 40th AveEdmonton, AB",2018-09-09 18:05:36.515511,edmonton
115,Hughes,127.9,19 hours ago,"10308 178th StEdmonton, AB",2018-09-09 18:05:36.515511,edmonton
116,Hughes,132.9,15 hours ago,"9115 35th Ave Edmonton, AB",2018-09-09 18:05:36.515511,edmonton
117,Husky,132.9,19 hours ago,"6827 170th St NWEdmonton, AB",2018-09-09 18:05:36.515511,edmonton
118,Petro-Canada,127.4,7 hours ago,"7631 38th AveMill Woods, AB",2018-09-09 18:05:36.515511,edmonton
119,Petro-Canada,132.7,33 minutes ago,"14110 127th StEdmonton, AB",2018-09-09 18:05:36.515511,edmonton
120,Husky,129.9,1 hour ago,"334 Bulyea RdEdmonton, AB",2018-09-09 18:05:36.515511,edmonton
121,Shell,132.9,15 hours ago,"9330 144th AveEdmonton, AB",2018-09-09 18:05:36.515511,edmonton
122,Domo,132.9,4 hours ago,"9255 34th AveEdmonton, AB",2018-09-09 18:05:36.515511,edmonton
123,Husky,129.9,1 hour ago,"3105 Calgary TrEdmonton, AB",2018-09-09 18:05:36.515511,edmonton
124,Domo,127.9,2 hours ago,"17908 Stony Plain RdEdmonton, AB",2018-09-09 18:05:36.515511,edmonton
125,Fas Gas,132.9,21 hours ago,"3006 Calgary TrEdmonton, AB",2018-09-09 18:05:36.515511,edmonton
126,Petro-Canada,132.9,15 hours ago,"3003 Calgary TrEdmonton, AB",2018-09-09 18:05:36.515511,edmonton
127,Shell,130.9,15 hours ago,"13610 66th StEdmonton, AB",2018-09-09 18:05:36.515511,edmonton
128,Shell,132.9,1 day ago,"3518 118th AveEdmonton, AB",2018-09-09 18:05:36.515511,edmonton
129,Husky,130.9,1 day ago,"12986 50th StEdmonton, AB",2018-09-09 18:05:36.515511,edmonton
130,Husky,130.9,15 hours ago,"12986 50th StEdmonton, AB",2018-09-09 18:05:36.515511,edmonton
131,7-Eleven,132.6,5 hours ago,"280 Saddleback RdEdmonton, AB",2018-09-09 18:05:36.515511,edmonton
132,Domo,132.6,2 hours ago,"348 Saddleback Rd NWEdmonton, AB",2018-09-09 18:05:36.515511,edmonton
133,Husky,129.9,21 hours ago,"4333 50th St NWMill Woods, AB",2018-09-09 18:05:36.515511,edmonton
134,Shell,,1 day ago,"6833 177th StEdmonton, AB",2018-09-09 18:05:36.515511,edmonton
135,Husky,132.9,58 minutes ago,"9774 182nd St NWEdmonton, AB",2018-09-09 18:05:36.515511,edmonton
136,Shell,132.9,1 day ago,"14865 137th Ave NWEdmonton, AB",2018-09-09 18:05:36.515511,edmonton
137,Esso,132.9,58 minutes ago,"7542 178th StEdmonton, AB",2018-09-09 18:05:36.515511,edmonton
138,Esso,132.9,18 hours ago,"15179 121st StEdmonton, AB",2018-09-09 18:05:36.515511,edmonton
139,Shell,132.9,15 hours ago,"9804 153rd AveEdmonton, AB",2018-09-09 18:05:36.515511,edmonton
140,Petro-Canada,132.9,10 hours ago,"6655 178th StEdmonton, AB",2018-09-09 18:05:36.515511,edmonton
141,Esso,132.4,1 hour ago,"9628 153rd AveEdmonton, AB",2018-09-09 18:05:36.515511,edmonton
142,Fas Gas,132.9,58 minutes ago,"550 Hermitage Rd NWEdmonton, AB",2018-09-09 18:05:36.515511,edmonton
143,Shell,132.9,22 hours ago,"15131 127th StEdmonton, AB",2018-09-09 18:05:36.515511,edmonton
144,Safeway,132.9,1 hour ago,"2304 109th StEdmonton, AB",2018-09-09 18:05:36.515511,edmonton
145,Petro-Canada,130.9,10 hours ago,"5011 137th AveEdmonton, AB",2018-09-09 18:05:36.515511,edmonton
146,Mobil @ No Frills,132.4,19 hours ago,"15505 97th  Edmonton Alberta Edmonton, AB",2018-09-09 18:05:36.515511,edmonton
147,Shell,132.9,1 day ago,"800 Riverbend SquareEdmonton, AB",2018-09-09 18:05:36.515511,edmonton
148,Costco,117.9,15 hours ago,"13650 50th St NWEdmonton, AB",2018-09-09 18:05:36.515511,edmonton
149,Shell,132.9,20 hours ago,"2203 110th StEdmonton, AB",2018-09-09 18:05:36.515511,edmonton
150,Husky,132.9,17 hours ago,"5403 38th AveMill Woods, AB",2018-09-09 18:05:36.515511,edmonton
151,Esso,132.9,1 hour ago,"11104 184th St NWEdmonton, AB",2018-09-09 18:05:36.515511,edmonton
152,Petro-Canada,132.9,4 hours ago,"12659 153rd AveEdmonton, AB",2018-09-09 18:05:36.515511,edmonton
153,Canadian Tire,132.9,1 hour ago,"2204 101st St NWEdmonton, AB",2018-09-09 18:05:36.515511,edmonton
154,Mobil @ Superstore,132.9,28 minutes ago,"9711 23rd AveEdmonton, AB",2018-09-09 18:05:36.515511,edmonton
155,Esso,130.9,1 day ago,"13704 50th StEdmonton, AB",2018-09-09 18:05:36.515511,edmonton
156,Tempo,129.9,11 hours ago,"10415 158th AveEdmonton, AB",2018-09-09 18:05:36.515511,edmonton
157,Safeway,130.9,1 day ago,"500 Manning CrossingEdmonton, AB",2018-09-09 18:05:36.515511,edmonton
158,Costco,117.9,59 minutes ago,"2616 91st  St NWEdmonton, AB",2018-09-09 18:05:36.515511,edmonton
159,7-Eleven,129.9,14 hours ago,"2803 Millwoods RdMill Woods, AB",2018-09-09 18:05:36.515511,edmonton
160,Esso,132.9,2 hours ago,"18904 87th Ave NWEdmonton, AB",2018-09-09 18:05:36.515511,edmonton
161,Mobil @ Superstore,130.9,3 hours ago,"4950 137th Ave NWEdmonton, AB",2018-09-09 18:05:36.515511,edmonton
162,Fas Gas,131.9,10 hours ago,"9618 160th AveEdmonton, AB",2018-09-09 18:05:36.515511,edmonton
163,Petro-Canada,132.9,1 day ago,"12621 Victoria TrEdmonton, AB",2018-09-09 18:05:36.515511,edmonton
164,Husky,130.9,43 minutes ago,"15303 73A StEdmonton, AB",2018-09-09 18:05:36.515511,edmonton
165,Petro-Canada,132.9,10 hours ago,"3402 43rd Ave NWMill Woods, AB",2018-09-09 18:05:36.515511,edmonton
166,7-Eleven,132.6,43 minutes ago,"1903 111th StEdmonton, AB",2018-09-09 18:05:36.515511,edmonton
167,Esso,132.9,43 minutes ago,"3407 43rd AveMill Woods, AB",2018-09-09 18:05:36.515511,edmonton
168,Shell,132.9,15 hours ago,"14004 23rd AveEdmonton, AB",2018-09-09 18:05:36.515511,edmonton
169,Centex,129.9,1 hour ago,"2831 66th StMill Woods, AB",2018-09-09 18:05:36.515511,edmonton
170,Shell,132.9,18 hours ago,"14004 23rd AveEdmonton, AB",2018-09-09 18:05:36.515511,edmonton
171,Esso,132.9,4 hours ago,"14204 23rd AveEdmonton, AB",2018-09-09 18:05:36.515511,edmonton
172,Happy Mart,129.9,,"6004 184th StEdmonton, AB",2018-09-09 18:05:36.515511,edmonton
173,Propane Shack,,,"1110 78th AveEdmonton, AB",2018-09-09 18:05:36.515511,edmonton
174,7-Eleven,132.1,,"8210 160th AveEdmonton, AB",2018-09-09 18:05:36.515511,edmonton
175,Shell,130.9,,"4810 142nd AveEdmonton, AB",2018-09-09 18:05:36.515511,edmonton
176,Petro-Canada,132.9,,"14319 23rd AveEdmonton, AB",2018-09-09 18:05:36.515511,edmonton
